{
    "rmse": 0.7305454882250578,
    "mae": 0.5754085233508058,
    "r2": 0.2574589895689695
}