{
    "rmse": 0.7339840644458798,
    "mae": 0.5582578244826572,
    "r2": 0.22372124120643244
}